location_code,year,location_id,product_id,export_value,import_value,hs_eci,hs_coi,pci,country_name
ABW,2018,0,16366,212836761.65472412,1508728122.7617188,93.45744900000017,-20.370432239999996,-26.43841369591136,Aruba
AFG,2018,102,16366,1189540998.0594482,9601058337.658142,-116.88768539999977,-79.66589639999987,-26.43841369591136,Afghanistan
AGO,2018,204,16366,42527463507.72437,21187591741.07959,-128.86539239999996,-117.88035960000018,-26.43841369591136,Angola
AIA,2018,291,14356,12108599.170532227,134475528.91809082,149.61355660000035,-14.10847540000002,-25.27750739591136,Anguilla
ALB,2018,408,16366,6449803744.477905,7962410234.32251,-39.92403419999994,-12.687136380000013,-26.43841369591136,Albania
AND,2018,510,16366,101330726.4102478,1592910323.9895515,100.78042373999999,49.14591845999994,-26.43841369591136,Andorra
ANT,2018,582,14356,2249480.759033203,0.0,169.5053368999999,-44.453742000000055,-25.27750739591136,Netherlands Antilles
ARE,2018,714,16366,331993002913.8329,217070004272.3238,19.797438060000005,-31.980913739999988,-26.43841369591136,United Arab Emirates
ARG,2018,816,16366,75633976620.68573,84219285838.69385,-10.395857339999981,15.734393519999974,-26.43841369591136,Argentina
ARM,2018,918,16366,4421250107.078754,6106296354.557748,-35.605733640000004,-60.94055891999983,-26.43841369591136,Armenia
ASM,2018,1020,16366,59557793.100097656,149899271.37817383,88.03934874000012,-41.01199680000005,-26.43841369591136,American Samoa
ATA,2018,1067,14356,12971361.196411133,16721797.869506836,175.7423495999998,-55.83487325000004,-25.27750739591136,Antarctica
ATF,2018,1164,14356,9625901.998291016,21623465.114501953,16.214522909999985,-79.51997919999985,-25.27750739591136,French Southern Territories
ATG,2018,1326,16366,163414517.87438965,1129808029.8515015,27.899488799999965,-56.40841127999994,-26.43841369591136,Antigua and Barbuda
AUS,2018,1428,16366,316172267162.5238,286083365434.1631,-28.723087799999956,-9.962157420000011,-26.43841369591136,Australia
AUT,2018,1530,16366,249773283821.47742,245092595739.20526,177.72577920000018,-5.148604835999998,-26.43841369591136,Austria
AZE,2018,1632,16366,23182289586.041565,16820692756.6203,-118.28193359999989,-121.69665900000012,-26.43841369591136,Azerbaijan
BDI,2018,1734,16366,213920232.12429047,502964398.95747375,-64.92397307999993,-91.19856719999987,-26.43841369591136,Burundi
BEL,2018,1836,16366,557426066101.9355,546978385742.8612,124.78637160000024,135.50067600000023,-26.43841369591136,Belgium
BEN,2018,1938,16366,1146996274.4723206,5877821589.44696,-59.73939773999991,-76.77937289999997,-26.43841369591136,Benin
BFA,2018,2142,16366,2754357142.243683,3011119143.044525,-71.16994919999992,-90.44326739999978,-26.43841369591136,Burkina Faso
BGD,2018,2244,16366,42322443368.38098,66933857208.385864,-89.65307034000014,-96.05864280000009,-26.43841369591136,Bangladesh
BGR,2018,2346,16366,43568218148.9718,43825272936.693726,60.58357830000009,185.12867400000016,-26.43841369591136,Bulgaria
BHR,2018,2448,16366,19464637748.959045,19281756817.501038,38.02172604000003,-68.21644739999998,-26.43841369591136,Bahrain
BHS,2018,2550,16366,1476926907.368103,10137238100.886963,-7.552775640000017,-70.8978948000001,-26.43841369591136,Bahamas
BIH,2018,2652,16366,9390569467.901794,10185759244.911194,55.71460320000008,74.4988008000001,-26.43841369591136,Bosnia and Herzegovina
BLM,2018,2619,14356,5391658.049316406,209292994.9227295,62.37629038000009,-30.519794819999973,-25.27750739591136,Saint Barthélemy
BLR,2018,2856,16366,37860009897.37335,40770373727.43152,89.28039600000007,83.91218700000009,-26.43841369591136,Belarus
BLZ,2018,2958,16366,1072436693.1429596,1266381501.8466797,-14.377548720000018,-53.84714130000013,-26.43841369591136,Belize
BMU,2018,3060,16366,208134615.80792236,1682869852.13208,57.706367400000026,-62.29926828000015,-26.43841369591136,Bermuda
BOL,2018,3162,16366,9742486918.677399,10566194696.419205,-115.91435040000016,-106.8180515999999,-26.43841369591136,Bolivia
BRA,2018,3264,16366,269292680951.1955,247228583889.78088,15.902929140000012,54.29328419999994,-26.43841369591136,Brazil
BRB,2018,3366,16366,464123352.7199707,1544509249.9833374,44.1927382799999,-10.248094020000016,-26.43841369591136,Barbados
BRN,2018,3468,16366,7066556055.955004,6165565650.373535,69.56547900000001,-73.6173830999998,-26.43841369591136,Brunei Darussalam
BTN,2018,3570,16366,471312274.88452154,1053487146.4057007,-9.645917639999999,-77.91137399999998,-26.43841369591136,Bhutan
BVT,2018,3492,14356,2780713.7028808594,8089398.001708984,80.78615318000003,-74.03192290000018,-25.27750739591136,Bouvet Island
BWA,2018,3774,16366,6376814225.743332,7589318638.881012,-77.932998,-117.50211300000021,-26.43841369591136,Botswana
CAF,2018,3876,16366,92613417.67871094,254085098.2062378,-67.37617140000013,-85.91970713999991,-26.43841369591136,Central African Republic
CAN,2018,3978,16366,533300423686.9334,578562016176.1804,69.13377420000013,118.12606739999974,-26.43841369591136,Canada
CCK,2018,3880,14356,3242135.8907470703,7347261.533081055,73.70153119999985,-35.166715620000026,-25.27750739591136,Cocos (Keeling) Islands
CHE,2018,4182,16366,431367743159.28613,373924931906.35706,228.42525660000038,77.50447560000015,-26.43841369591136,Switzerland
CHL,2018,4284,16366,81866081262.44934,85148376279.23376,-35.34272765999991,-48.64368269999996,-26.43841369591136,Chile
CHN,2018,4386,16366,2703782033932.59,2174728641542.266,121.67598360000011,139.13143739999964,-26.43841369591136,China
CIV,2018,4488,16366,11706635339.394012,10442753113.409729,-76.91817960000003,-83.06207819999977,-26.43841369591136,Côte d'Ivoire
CMR,2018,4590,16366,4007921001.4594116,6096874379.931702,-159.68853780000018,-120.02035019999985,-26.43841369591136,Cameroon
COD,2018,4692,16366,9381255651.688232,10013842411.450073,-185.45541059999982,-123.22444559999998,-26.43841369591136,Congo (Brazzaville)
COG,2018,4794,16366,11735783328.400238,3270308953.6170044,-134.80152719999975,-116.2351811999999,-26.43841369591136,Congo (Kinshasa)
COK,2018,4656,14356,34762918.85888672,156239602.89556885,45.22059490000006,-72.39840409999985,-25.27750739591136,Cook Islands
COL,2018,4998,16366,53011243458.53882,62508937085.055786,21.13935414000005,-17.332110300000014,-26.43841369591136,Colombia
COM,2018,5100,16366,82475857.4501648,363009052.9277344,-33.32922113999995,-83.40655259999993,-26.43841369591136,Comoros
CPV,2018,5202,16366,798738112.3357544,1219290071.8927612,-22.429044180000034,-82.25577329999997,-26.43841369591136,Cape Verde
CRI,2018,5304,16366,22227181226.839233,18988998226.19861,22.092250380000024,5.765385372000004,-26.43841369591136,Costa Rica
CUB,2018,5508,16366,1290121894.1193237,6107278466.070557,-84.56213100000006,-114.9511236000003,-26.43841369591136,Cuba
CXR,2018,5432,14356,19667724.007080078,31696667.674438477,28.779686600000037,-71.86297961999999,-25.27750739591136,Christmas Island
CYM,2018,5814,16366,641095754.4133302,4200140837.5723267,14.125746419999981,-84.66192779999992,-26.43841369591136,Cayman Islands
CYP,2018,5916,16366,17146214803.472351,22201355507.78888,48.434557200000086,-6.588661439999991,-26.43841369591136,Cyprus
CZE,2018,6018,16366,227394105392.8506,195719212393.82227,182.9928960000003,37.941146040000056,-26.43841369591136,Czech Republic
DEU,2018,6222,16366,1905647013474.4124,1587502808600.119,213.11663759999982,-229.33567800000026,-26.43841369591136,Germany
DJI,2018,6324,16366,132679926.48571777,5716906442.567871,-19.236287099999974,-59.990548260000004,-26.43841369591136,Djibouti
DMA,2018,6426,16366,54900651.60852051,348585510.0328369,26.56501872000005,-30.680441280000032,-26.43841369591136,Dominica
DNK,2018,6528,16366,181215332113.67133,172484891858.29834,109.90254179999992,142.44528479999988,-26.43841369591136,Denmark
DOM,2018,6630,16366,17460357552.991272,21475379526.39258,-14.882363039999982,-33.17848553999997,-26.43841369591136,Dominican Republic
DZA,2018,6732,16366,37806780605.327515,48909864179.786865,-161.34036659999958,-123.45176279999977,-26.43841369591136,Algeria
ECU,2018,6834,16366,23569762744.628784,25429695395.658325,-92.63578289999985,-102.24920640000016,-26.43841369591136,Ecuador
EGY,2018,6936,16366,55676143781.945984,97166877741.01562,-5.602419767999994,161.02038239999987,-26.43841369591136,Egypt
ERI,2018,7038,16366,352130953.5957031,415314005.932251,-204.90684120000006,-100.57647779999988,-26.43841369591136,Eritrea
ESH,2018,6790,14356,490605.6680908203,10349428.056762695,181.46713440000028,-71.71751259999989,-25.27750739591136,Western Sahara
ESP,2018,7242,16366,478572775707.87756,450032384275.0503,75.76155671999997,304.07055779999934,-26.43841369591136,Spain
EST,2018,7344,16366,24135641582.465515,26858356675.093018,98.69274180000001,130.4118246,-26.43841369591136,Estonia
ETH,2018,7446,16366,2436566000.166382,10348650010.100006,-90.58667939999997,-53.33664966,-26.43841369591136,Ethiopia
FIN,2018,7548,16366,109447600641.3866,114085793044.58618,162.31400759999974,96.67604879999992,-26.43841369591136,Finland
FJI,2018,7650,16366,2622605057.340027,3287349723.1531982,-24.51928938000003,-1.062355193999999,-26.43841369591136,Fiji
FLK,2018,7372,14356,239129109.5041504,129971353.38464355,-94.36604260000014,-88.80493559999982,-25.27750739591136,Falkland Islands (Malvinas)
FRA,2018,7854,16366,861478417799.6527,935992768467.2666,146.24418300000002,85.88723340000016,-26.43841369591136,France
FRO,2018,7956,16366,1339814761.0494385,1118299282.3441162,-93.03868799999988,-91.0855001999998,-26.43841369591136,Faroe Islands
FSM,2018,8058,16366,103100503.65820311,132056010.7758789,-106.38402119999972,-93.63852959999987,-26.43841369591136,"Micronesia, Federated States of"
GAB,2018,8160,16366,4668932957.278259,2550532751.396179,-121.72841159999977,-115.18549920000005,-26.43841369591136,Gabon
GBR,2018,8262,16366,867045049222.8647,890155690118.2139,174.22140600000043,80.15967839999979,-26.43841369591136,United Kingdom
GEO,2018,8364,16366,7403517002.09964,11789790000.178589,-6.271392480000014,-24.530776620000054,-26.43841369591136,Georgia
GHA,2018,8466,16366,14917399843.508118,14029450127.404358,-98.5796299200001,-90.5382804,-26.43841369591136,Ghana
GIB,2018,8568,16366,166799002.91455078,9890308444.653015,44.80694964,-63.363436319999856,-26.43841369591136,Gibraltar
GIN,2018,8670,16366,2138709001.7306519,5191612779.509888,-121.82906520000027,-117.11550239999995,-26.43841369591136,Guinea
GMB,2018,8874,16366,94782835.50427246,1314625279.6160889,-82.21943579999996,-80.62706279999992,-26.43841369591136,Gambia
GNB,2018,8976,16366,125199411.61987305,349087560.1902466,-221.7724799999998,-98.59945565999983,-26.43841369591136,Guinea-Bissau
GNQ,2018,9078,16366,4658971388.089844,1035277519.4171143,-199.4932116000003,-92.88263819999999,-26.43841369591136,Equatorial Guinea
GRC,2018,9180,16366,80679227035.66553,85184737174.89587,9.268687980000005,108.9987299999998,-26.43841369591136,Greece
GRD,2018,9282,16366,32548689.339904785,248495652.56896973,14.347055819999976,-55.50321839999997,-26.43841369591136,Grenada
GRL,2018,9384,16366,1005280525.3145142,794779798.716217,-129.93460739999978,-96.48934085999983,-26.43841369591136,Greenland
GTM,2018,9486,16366,12305425215.356018,19865739889.805542,-47.52145115999995,16.15523634000002,-26.43841369591136,Guatemala
GUM,2018,9690,16366,29538633.93811035,1107722654.6154785,68.2988940000001,6.994599000000018,-26.43841369591136,Guam
GUY,2018,9792,16366,1512651496.833252,2171702226.4849243,-71.08714559999994,-95.45433360000007,-26.43841369591136,Guyana
HKG,2018,9894,16366,226658476550.52264,741568512836.4315,90.93791640000016,171.1102427999999,-26.43841369591136,"Hong Kong S.A.R., China"
HND,2018,10098,16366,10867273789.18872,12811683385.985596,-76.67455259999981,-58.01117399999991,-26.43841369591136,Honduras
HRV,2018,10200,16366,33020438590.32544,33725111003.91736,78.00238859999993,151.08374640000014,-26.43841369591136,Croatia
HTI,2018,10302,16366,1760427220.3726807,4460748292.884155,-93.77120099999995,-92.5197150600002,-26.43841369591136,Haiti
HUN,2018,10404,16366,151916045098.40186,135416771316.74829,146.2247010000001,91.53204600000014,-26.43841369591136,Hungary
IDN,2018,10506,16366,208414783355.0832,206614546410.37988,-4.882657073999994,123.90556080000022,-26.43841369591136,Indonesia
IND,2018,10608,16366,523609650731.2402,594913647828.6636,53.08779006000006,254.01431279999954,-26.43841369591136,India
IOT,2018,10185,14356,7475164.920654297,37216582.968688965,66.1895602000001,-46.99923928000007,-25.27750739591136,British Indian Ocean Territory
IRL,2018,10812,16366,389013915539.2514,311998598085.4652,131.10319080000022,-0.35524751760000056,-26.43841369591136,Ireland
IRN,2018,10914,16366,64868627283.84436,52359442950.2323,-62.906072400000085,-74.25131820000003,-26.43841369591136,Iran
IRQ,2018,11016,16366,86816602089.20026,62723382027.05359,-171.74350980000023,-96.64638719999981,-26.43841369591136,Iraq
ISL,2018,11118,16366,12073719456.819992,11146749671.483032,32.15163114000005,-30.40307166000004,-26.43841369591136,Iceland
ISR,2018,11220,16366,110227085687.47919,104723111696.12384,139.67468940000003,89.5941643200002,-26.43841369591136,Israel
ITA,2018,11322,16366,671404222698.5173,610820580246.4716,138.14955480000006,56.744793000000094,-26.43841369591136,Italy
JAM,2018,11424,16366,4999817811.929321,7000402503.934082,-58.63965107999996,-99.5493439200001,-26.43841369591136,Jamaica
JOR,2018,11526,16366,15592750755.085083,24998415256.58612,-2.9908934699999934,32.25428088,-26.43841369591136,Jordan
JPN,2018,11628,16366,943909391459.6519,850169735118.5302,254.60485200000025,-36.960738360000015,-26.43841369591136,Japan
KAZ,2018,11730,16366,55346840691.70746,50134766328.43793,-47.51296373999995,-67.25520552000012,-26.43841369591136,Kazakhstan
KEN,2018,11832,16366,6039364740.168945,18752711100.322388,-36.434767199999904,70.50290999999982,-26.43841369591136,Kenya
KGZ,2018,11934,16366,2448907654.0354843,10679084093.162964,-13.293627359999967,37.85591279999999,-26.43841369591136,Kyrgyzstan
KHM,2018,12036,16366,22386038454.31903,29148334497.814514,-48.82941653999996,-56.054824200000084,-26.43841369591136,Cambodia
KIR,2018,12138,16366,92201865.47302246,101261968.92932129,-31.283119499999938,-86.97316212000013,-26.43841369591136,Kiribati
KNA,2018,12240,16366,77041760.13970947,341210370.5743408,36.67542192000004,-65.00489987999993,-26.43841369591136,Saint Kitts and Nevis
KOR,2018,12342,16366,710810353534.0823,622751550633.4604,211.55633339999957,78.66422580000007,-26.43841369591136,South Korea
KWT,2018,12444,16366,132297208184.8581,68090079057.58429,-44.60666345999995,-113.20010999999981,-26.43841369591136,Kuwait
LAO,2018,12546,16366,6834826147.427185,8371090523.412781,-81.42347879999997,-78.13889519999996,-26.43841369591136,Lao People's Democratic Republic
LBN,2018,12648,16366,3279199270.572937,19473890996.63269,30.868596600000007,106.33428599999974,-26.43841369591136,Lebanon
LBR,2018,12750,16366,1172538184.1922607,9787444687.078918,-103.8735258000001,-112.47564479999986,-26.43841369591136,Liberia
LBY,2018,12852,16366,27308633169.42273,12938900846.083252,-160.5691446000001,-121.5900384000002,-26.43841369591136,Libyan Arab Jamahiriya
LCA,2018,12954,16366,68360396.21582031,1359654208.4707031,-14.505074220000019,-66.3796416,-26.43841369591136,Saint Lucia
LKA,2018,13056,16366,18484131714.01013,24762754397.21985,-55.34979407999985,46.05592434,-26.43841369591136,Sri Lanka
LSO,2018,13158,16366,1118114773.3114624,1878359909.1311646,-112.53783419999975,-93.42247319999997,-26.43841369591136,Lesotho
LTU,2018,13260,16366,42847708200.042725,40455641884.88818,99.61170059999975,145.54498319999993,-26.43841369591136,Lithuania
LUX,2018,13362,16366,131283684041.72186,115395119945.198,114.89522759999986,137.40197639999988,-26.43841369591136,Luxembourg
LVA,2018,13464,16366,21166423447.653015,26770675328.46289,72.12487320000015,131.3637600000001,-26.43841369591136,Latvia
MAC,2018,13566,16366,1386096218.440979,12602907174.994965,48.69692159999995,9.149451000000003,-26.43841369591136,Macao
MAR,2018,13668,16366,49175929936.6051,56039415499.59564,-74.37615599999997,-7.981674419999998,-26.43841369591136,Morocco
MDA,2018,13770,16366,4719079501.606812,7088293541.720993,-31.18911120000003,-18.555676800000036,-26.43841369591136,"Moldova, Republic of"
MDG,2018,13872,16366,4641820098.742737,5044469662.871155,-120.93650400000017,-72.42856391999997,-26.43841369591136,Madagascar
MDV,2018,13974,16366,3605945218.9415283,3703826256.5128174,-57.59170409999993,-90.74632368,-26.43841369591136,Maldives
MEX,2018,14076,16366,489244162280.4386,464177424514.39246,98.7162629999999,60.93202560000008,-26.43841369591136,Mexico
MHL,2018,14178,16366,583788984.046875,12018717424.494446,8.08126008000001,-76.68118260000017,-26.43841369591136,Marshall Islands
MKD,2018,14280,16366,9298775982.778381,9689511541.37526,7.908091620000016,-18.37777146000001,-26.43841369591136,"Macedonia, the former Yugoslav Republic of"
MLI,2018,14382,16366,1565779203.473755,3768754405.4101562,-75.50588760000001,-87.7418943000002,-26.43841369591136,Mali
MLT,2018,14484,16366,22693790442.35791,31778744635.680786,99.60524400000017,32.457307799999924,-26.43841369591136,Malta
MMR,2018,14586,16366,20170536777.476868,28789495794.228516,-92.21647619999986,-15.49403970000002,-26.43841369591136,Myanmar
MNE,2018,14688,16366,2312348591.1526794,3822759946.653076,35.18577108000003,14.824095539999977,-26.43841369591136,Montenegro
MNG,2018,14790,16366,8362123135.395298,7842622345.438965,-94.64840100000005,-112.32071700000016,-26.43841369591136,Mongolia
MNP,2018,14892,16366,2531102.112182617,170976887.98901367,62.48484300000008,-81.77227800000003,-26.43841369591136,Northern Mariana Islands
MOZ,2018,14994,16366,6571242013.276062,13733338834.216248,-140.0391252,-104.18307539999992,-26.43841369591136,Mozambique
MRT,2018,15096,16366,2374478307.369629,3120332473.2909546,-143.6896032000004,-126.36356700000029,-26.43841369591136,Mauritania
MSR,2018,14453,14356,5310709.13293457,27693164.591796875,72.28958367999994,-45.61614150000004,-25.27750739591136,Montserrat
MUS,2018,15402,16366,5328031375.757507,7249499606.792603,-2.895639036000002,3.884103288000005,-26.43841369591136,Mauritius
MWI,2018,15504,16366,816825416.4122316,1544741421.241211,-110.38673580000017,-115.31427419999993,-26.43841369591136,Malawi
MYS,2018,15606,16366,310222304590.3506,248580571986.4165,112.29356460000022,75.78234330000002,-26.43841369591136,Malaysia
NAM,2018,15810,16366,6981661194.657959,7656865167.651733,-62.793928499999865,-75.30413159999982,-26.43841369591136,Namibia
NCL,2018,15912,16366,1431780506.7641602,2479207274.1071167,-7.420877399999987,-78.55692179999997,-26.43841369591136,New Caledonia
NER,2018,16014,16366,481742707.70428467,1208427037.0205688,-36.92710589999995,-83.72509860000011,-26.43841369591136,Niger
NFK,2018,15326,14356,1844157.1705322266,25847018.458740234,143.57342479999994,-55.855728249999935,-25.27750739591136,Norfolk Island
NGA,2018,16218,16366,57313909554.62158,42328096546.114075,-189.20494080000046,-125.71287840000001,-26.43841369591136,Nigeria
NIC,2018,16320,16366,6600133412.29657,6843091072.7907715,-90.03595590000019,-81.02079299999997,-26.43841369591136,Nicaragua
NIU,2018,15617,14356,111070324.39294434,26399647.928100586,105.42664220000023,-76.42233657999996,-25.27750739591136,Niue
NLD,2018,16524,16366,760230113760.5393,800194442731.1277,112.94643600000026,163.2610979999999,-26.43841369591136,Netherlands
NOR,2018,16626,16366,157978184293.98206,136224822605.15265,74.22308969999993,5.190470939999996,-26.43841369591136,Norway
NPL,2018,16728,16366,678351542.388977,10218594430.38379,-29.608399860000052,55.82059752000003,-26.43841369591136,Nepal
NRU,2018,16005,14356,15675432.320678711,124503498.45220947,80.28174444999992,-23.188098320000016,-25.27750739591136,Nauru
NZL,2018,16932,16366,56726722970.239685,51900853183.620605,23.177004059999955,18.812615819999987,-26.43841369591136,New Zealand
OMN,2018,17034,16366,68526699696.79363,46964431400.15167,-44.802224999999964,-96.86867580000013,-26.43841369591136,Oman
PAK,2018,17136,16366,29664933534.08719,71404727356.53345,-62.01038693999988,67.62619890000009,-26.43841369591136,Pakistan
PAN,2018,17238,16366,17624679170.710022,46809794663.84485,-12.71839479000002,-41.5519236,-26.43841369591136,Panama
PCN,2018,16587,14356,944930.6828613281,2464157.4975585938,220.58405279999977,-62.96793800000012,-25.27750739591136,Pitcairn
PER,2018,17646,16366,53408393293.60913,49043086403.628174,-63.042701400000105,-14.063764080000023,-26.43841369591136,Peru
PHL,2018,17748,16366,118306148201.49133,155868862086.03345,75.64061429999994,21.28143096000004,-26.43841369591136,Philippines
PLW,2018,17850,16366,26435353.51147461,117583206.66027832,-1.5011847959999998,-82.40707194000007,-26.43841369591136,Palau
PNG,2018,17952,16366,9277413757.417175,4587389513.57666,-178.44079920000019,-123.14562000000032,-26.43841369591136,Papua New Guinea
POL,2018,18054,16366,328208163194.3159,321137495887.5554,112.85679839999979,138.53128980000005,-26.43841369591136,Poland
PRK,2018,18156,16366,307515746.0883789,2317770146.312866,76.04493005999998,43.98909323999998,-26.43841369591136,"Korea, Democratic People's Republic of"
PRT,2018,18258,16366,105603353605.92834,103386256924.44495,66.55017539999992,229.32874200000026,-26.43841369591136,Portugal
PRY,2018,18360,16366,8720574306.266418,12394749649.448975,-56.9733709199999,-91.1149578,-26.43841369591136,Paraguay
PSE,2018,18462,16366,1722230119.7211304,5723960258.477192,16.26130614000002,72.63441012000004,-26.43841369591136,"Palestinian Territory, Occupied"
PYF,2018,18564,16366,152475186.3513794,1636165358.0167236,-2.756125068,-66.42602099999989,-26.43841369591136,French Polynesia
QAT,2018,18666,16366,98941155285.26202,63704220270.73871,-4.265494956,-101.80985772000014,-26.43841369591136,Qatar
ROU,2018,18870,16366,106852645836.13342,110403374101.77283,103.93362419999984,114.44882460000018,-26.43841369591136,Romania
RUS,2018,18972,16366,513086779346.64233,319618979528.8804,29.276705040000053,11.92199102999998,-26.43841369591136,Russia
RWA,2018,19074,16366,1367135556.9007568,2509998044.0733337,-91.65958169999988,-90.70743720000003,-26.43841369591136,Rwanda
SAU,2018,19176,16366,253336650706.88977,206571831475.1046,76.03168230000013,-40.44259199999996,-26.43841369591136,Saudi Arabia
SDN,2018,19380,16366,5125951824.73584,8787892057.450073,-163.5202392,-128.35125119999987,-26.43841369591136,Sudan
SEN,2018,19482,16366,3895018856.8412476,10968151347.287231,-63.57290759999983,-28.418875859999964,-26.43841369591136,Senegal
SGP,2018,19584,16366,495663047258.8545,506256146333.02856,194.34651600000046,69.91537979999995,-26.43841369591136,Singapore
SGS,2018,18721,14356,1478762.07421875,0.0,66.86445710000007,-84.86108341000012,-25.27750739591136,South Georgia and the South Sandwich Islands
SHN,2018,18818,14356,26227560.47680664,37694011.71435547,60.807815899999945,-67.16755590999995,-25.27750739591136,"Saint Helena, Ascension and Tristan da Cunha"
SLB,2018,19890,16366,892526602.3295898,739909535.835022,-121.18871940000021,-95.15684652,-26.43841369591136,Solomon Islands
SLE,2018,19992,16366,598575521.5275269,1066248057.154419,-29.245197240000028,-57.81979139999996,-26.43841369591136,Sierra Leone
SLV,2018,20094,16366,8918737975.94226,11981530063.66742,10.013071739999999,25.92168329999996,-26.43841369591136,El Salvador
SMR,2018,20196,16366,145953658.11102295,317211399.13061523,114.74068740000023,64.39443906000011,-26.43841369591136,San Marino
SOM,2018,20298,16366,427780931.1824951,3445745277.162842,-145.7883552,-101.58224880000004,-26.43841369591136,Somalia
SPM,2018,19400,14356,5694764.122436523,47608014.12994385,101.28847669999986,-63.131353900000086,-25.27750739591136,Saint Pierre and Miquelon
SRB,2018,20502,16366,25952278546.027466,30783380235.886475,63.349921319999886,127.30434359999975,-26.43841369591136,Serbia
STP,2018,20706,16366,95015296.77929688,206439961.34173584,147.88426139999982,-9.911283900000017,-26.43841369591136,Sao Tome and Principe
SUR,2018,20910,16366,2441594526.1549454,1967967146.7207642,-77.285043,-98.47775640000002,-26.43841369591136,Suriname
SVK,2018,21012,16366,100128978935.45361,98475043155.49915,133.98879120000018,87.83663394000014,-26.43841369591136,Slovakia
SVN,2018,21114,16366,45477585716.3396,48689910062.83984,169.23946080000036,82.08939600000001,-26.43841369591136,Slovenia
SWE,2018,21216,16366,240387657883.0243,237495480746.1598,176.69570159999958,80.49663131999998,-26.43841369591136,Sweden
SWZ,2018,21318,16366,1892660116.9188232,1727584076.996338,9.351724547999998,-58.92739920000013,-26.43841369591136,Swaziland
SYC,2018,21522,16366,1897155294.995936,1749170669.7490234,10.982819399999997,-69.46790886000005,-26.43841369591136,Seychelles
SYR,2018,21624,16366,675036313.8585815,6563729897.702637,-62.542666799999914,70.29209640000009,-26.43841369591136,Syrian Arab Republic
TCA,2018,21726,16366,20114243.756591797,469372656.21655273,72.17054268000011,-44.14836419999996,-26.43841369591136,Turks and Caicos
TCD,2018,21828,16366,938167417.0898436,792552818.5511475,-241.49648520000008,-100.95976320000025,-26.43841369591136,Chad
TGO,2018,21930,16366,1992088924.873535,11913066264.2818,-81.33044051999987,-86.15150009999981,-26.43841369591136,Togo
THA,2018,22032,16366,336115848470.8501,269130974698.92456,108.43770959999979,145.08693180000012,-26.43841369591136,Thailand
TJK,2018,22134,16366,1368784952.36438,4102026805.5388184,-110.9847821999999,-117.20279399999988,-26.43841369591136,Tajikistan
TKL,2018,21146,14356,43313586.381225586,31440280.306152344,55.14216812000005,-9.87355046000001,-25.27750739591136,Tokelau
TKM,2018,22338,16366,8467343207.595093,2406438120.4331055,-96.36081779999977,-118.0887659999997,-26.43841369591136,Turkmenistan
TLS,2018,22440,16366,60484699.173950195,478661591.7528076,-84.4234681200002,-91.46339999999994,-26.43841369591136,Timor-Leste
TON,2018,22542,16366,101407058.97680664,314063228.29333496,2.5520424479999972,-62.98112807999996,-26.43841369591136,Tonga
TTO,2018,22644,16366,10543641223.088379,8197827710.42395,-26.63434505999993,-102.67851419999977,-26.43841369591136,Trinidad and Tobago
TUN,2018,22746,16366,19164160098.317383,24262440018.74292,23.4512127,65.92009691999986,-26.43841369591136,Tunisia
TUR,2018,22848,16366,217351982335.35382,239828659707.56677,54.27512819999996,261.65970239999956,-26.43841369591136,Turkey
TUV,2018,22950,16366,23791771.6763916,86628943.39562988,-0.7901506499999986,-89.94731279999985,-26.43841369591136,Tuvalu
TWN,2018,24153,14356,362845583157.17676,260876122836.0006,193.09041160000024,119.45179460000017,-25.27750739591136,Taiwan
TZA,2018,23052,16366,4432130677.918053,11298050542.98883,-12.678188940000023,110.50842180000018,-26.43841369591136,Tanzania
UGA,2018,23154,16366,5322741837.481506,7106698513.365051,-60.73926600000011,-7.179894851999986,-26.43841369591136,Uganda
UKR,2018,23256,16366,63784583038.04706,70353244489.40918,38.66396189999999,80.09844779999997,-26.43841369591136,Ukraine
UMI,2018,22213,14356,6584235.362060547,20142439.513793945,167.79189009999993,-26.647835150000045,-25.27750739591136,United States Minor Outlying Islands
URY,2018,23460,16366,14120885426.5625,15516795904.906494,2.3508406140000058,-37.283519400000095,-26.43841369591136,Uruguay
USA,2018,23562,16366,2484656232816.451,2933616352433.2773,165.0200471999997,43.994224859999925,-26.43841369591136,United States
UZB,2018,23664,16366,14674873092.053568,22542492886.507935,-57.326743799999946,-40.26495594,-26.43841369591136,Uzbekistan
VAT,2018,22601,14356,2100720.0760498047,61626624.693603516,82.7446859999999,-33.11612688999993,-25.27750739591136,Holy See (Vatican City State)
VCT,2018,23868,16366,159068221.5209961,363794516.0536499,-32.895758879999974,-69.89064480000005,-26.43841369591136,Saint Vincent and the Grenadines
VEN,2018,24072,16366,28571834090.339237,11682810359.777466,-97.94147100000013,-117.07739519999991,-26.43841369591136,Venezuela
VGB,2018,22989,14356,203425370.70043945,1212952606.237671,97.61328249999995,6.235833179999991,-25.27750739591136,"Virgin Islands, British"
VIR,2018,1190,2010,0.0,0.0,0.0,0.0,-1.1609063000000002,"Virgin Islands, U.S."
VNM,2018,24378,16366,280068068706.6625,273510248617.7605,0.6423532007999989,94.94411327999984,-26.43841369591136,Vietnam
VUT,2018,24480,16366,141632917.19958496,331830407.6511841,-132.43229159999987,-100.0256624999999,-26.43841369591136,Vanuatu
WLF,2018,23377,14356,128325.20239257812,38693782.618652344,159.1930341000001,-71.93097759000001,-25.27750739591136,Wallis and Futuna
WSM,2018,24684,16366,47715673.86192322,406417183.74520874,28.328279460000026,16.273812360000022,-26.43841369591136,Samoa
YEM,2018,24786,16366,1402798847.5583496,8717321042.405151,-143.7490794000004,-120.38491859999985,-26.43841369591136,Yemen
ZAF,2018,25092,16366,123048931180.22412,105371086538.09814,19.629478740000017,135.53400960000008,-26.43841369591136,South Africa
ZMB,2018,25194,16366,9301760581.104637,8934504712.228394,-65.56780319999993,-89.32117559999986,-26.43841369591136,Zambia
ZWE,2018,25296,16366,2194001590.9606934,4088859372.0841064,-100.4696797199999,-93.83921460000003,-26.43841369591136,Zimbabwe
